--
-- PostgreSQL database dump
--

-- Dumped from database version 9.6.1
-- Dumped by pg_dump version 9.6.1

SET statement_timeout = 0;
SET lock_timeout = 0;
SET idle_in_transaction_session_timeout = 0;
SET client_encoding = 'UTF8';
SET standard_conforming_strings = on;
SET check_function_bodies = false;
SET client_min_messages = warning;
SET row_security = off;

--
-- Name: plpgsql; Type: EXTENSION; Schema: -; Owner: 
--

CREATE EXTENSION IF NOT EXISTS plpgsql WITH SCHEMA pg_catalog;


--
-- Name: EXTENSION plpgsql; Type: COMMENT; Schema: -; Owner: 
--

COMMENT ON EXTENSION plpgsql IS 'PL/pgSQL procedural language';


SET search_path = public, pg_catalog;

SET default_tablespace = '';

SET default_with_oids = false;

--
-- Name: ar_internal_metadata; Type: TABLE; Schema: public; Owner: amzkintner
--

CREATE TABLE ar_internal_metadata (
    key character varying NOT NULL,
    value character varying,
    created_at timestamp without time zone NOT NULL,
    updated_at timestamp without time zone NOT NULL
);


ALTER TABLE ar_internal_metadata OWNER TO amzkintner;

--
-- Name: countries; Type: TABLE; Schema: public; Owner: amzkintner
--

CREATE TABLE countries (
    id integer NOT NULL,
    name character varying,
    created_at timestamp without time zone NOT NULL,
    updated_at timestamp without time zone NOT NULL,
    region_id integer
);


ALTER TABLE countries OWNER TO amzkintner;

--
-- Name: countries_id_seq; Type: SEQUENCE; Schema: public; Owner: amzkintner
--

CREATE SEQUENCE countries_id_seq
    START WITH 1
    INCREMENT BY 1
    NO MINVALUE
    NO MAXVALUE
    CACHE 1;


ALTER TABLE countries_id_seq OWNER TO amzkintner;

--
-- Name: countries_id_seq; Type: SEQUENCE OWNED BY; Schema: public; Owner: amzkintner
--

ALTER SEQUENCE countries_id_seq OWNED BY countries.id;


--
-- Name: courses; Type: TABLE; Schema: public; Owner: amzkintner
--

CREATE TABLE courses (
    id integer NOT NULL,
    name character varying,
    language character varying,
    created_at timestamp without time zone NOT NULL,
    updated_at timestamp without time zone NOT NULL,
    university_id integer
);


ALTER TABLE courses OWNER TO amzkintner;

--
-- Name: courses_id_seq; Type: SEQUENCE; Schema: public; Owner: amzkintner
--

CREATE SEQUENCE courses_id_seq
    START WITH 1
    INCREMENT BY 1
    NO MINVALUE
    NO MAXVALUE
    CACHE 1;


ALTER TABLE courses_id_seq OWNER TO amzkintner;

--
-- Name: courses_id_seq; Type: SEQUENCE OWNED BY; Schema: public; Owner: amzkintner
--

ALTER SEQUENCE courses_id_seq OWNED BY courses.id;


--
-- Name: regions; Type: TABLE; Schema: public; Owner: amzkintner
--

CREATE TABLE regions (
    id integer NOT NULL,
    region character varying,
    created_at timestamp without time zone NOT NULL,
    updated_at timestamp without time zone NOT NULL
);


ALTER TABLE regions OWNER TO amzkintner;

--
-- Name: regions_id_seq; Type: SEQUENCE; Schema: public; Owner: amzkintner
--

CREATE SEQUENCE regions_id_seq
    START WITH 1
    INCREMENT BY 1
    NO MINVALUE
    NO MAXVALUE
    CACHE 1;


ALTER TABLE regions_id_seq OWNER TO amzkintner;

--
-- Name: regions_id_seq; Type: SEQUENCE OWNED BY; Schema: public; Owner: amzkintner
--

ALTER SEQUENCE regions_id_seq OWNED BY regions.id;


--
-- Name: schema_migrations; Type: TABLE; Schema: public; Owner: amzkintner
--

CREATE TABLE schema_migrations (
    version character varying NOT NULL
);


ALTER TABLE schema_migrations OWNER TO amzkintner;

--
-- Name: universities; Type: TABLE; Schema: public; Owner: amzkintner
--

CREATE TABLE universities (
    id integer NOT NULL,
    name character varying,
    created_at timestamp without time zone NOT NULL,
    updated_at timestamp without time zone NOT NULL,
    country_id integer,
    application_fee double precision,
    tuition_fee double precision,
    visa boolean
);


ALTER TABLE universities OWNER TO amzkintner;

--
-- Name: universities_id_seq; Type: SEQUENCE; Schema: public; Owner: amzkintner
--

CREATE SEQUENCE universities_id_seq
    START WITH 1
    INCREMENT BY 1
    NO MINVALUE
    NO MAXVALUE
    CACHE 1;


ALTER TABLE universities_id_seq OWNER TO amzkintner;

--
-- Name: universities_id_seq; Type: SEQUENCE OWNED BY; Schema: public; Owner: amzkintner
--

ALTER SEQUENCE universities_id_seq OWNED BY universities.id;


--
-- Name: countries id; Type: DEFAULT; Schema: public; Owner: amzkintner
--

ALTER TABLE ONLY countries ALTER COLUMN id SET DEFAULT nextval('countries_id_seq'::regclass);


--
-- Name: courses id; Type: DEFAULT; Schema: public; Owner: amzkintner
--

ALTER TABLE ONLY courses ALTER COLUMN id SET DEFAULT nextval('courses_id_seq'::regclass);


--
-- Name: regions id; Type: DEFAULT; Schema: public; Owner: amzkintner
--

ALTER TABLE ONLY regions ALTER COLUMN id SET DEFAULT nextval('regions_id_seq'::regclass);


--
-- Name: universities id; Type: DEFAULT; Schema: public; Owner: amzkintner
--

ALTER TABLE ONLY universities ALTER COLUMN id SET DEFAULT nextval('universities_id_seq'::regclass);


--
-- Data for Name: ar_internal_metadata; Type: TABLE DATA; Schema: public; Owner: amzkintner
--

COPY ar_internal_metadata (key, value, created_at, updated_at) FROM stdin;
environment	development	2017-02-22 23:12:16.135685	2017-02-22 23:12:16.135685
\.


--
-- Data for Name: countries; Type: TABLE DATA; Schema: public; Owner: amzkintner
--

COPY countries (id, name, created_at, updated_at, region_id) FROM stdin;
1	Austria	2017-02-22 23:26:45.059345	2017-02-22 23:26:45.059345	1
2	Argentina	2017-02-22 23:27:03.214171	2017-02-22 23:27:03.214171	3
3	Brazil	2017-02-22 23:27:56.134855	2017-02-22 23:27:56.134855	3
4	Ecuador	2017-02-22 23:28:08.0854	2017-02-22 23:28:08.0854	3
5	Uruguay	2017-02-22 23:28:30.656271	2017-02-22 23:28:30.656271	3
6	Panama	2017-02-22 23:28:54.062518	2017-02-22 23:28:54.062518	4
7	Czech Republic	2017-02-22 23:29:15.751436	2017-02-22 23:29:15.751436	1
8	Denmark	2017-02-22 23:29:23.111526	2017-02-22 23:29:23.111526	1
9	Finland	2017-02-22 23:29:35.91219	2017-02-22 23:29:35.91219	1
10	France	2017-02-22 23:29:41.936635	2017-02-22 23:29:41.936635	1
11	Germany	2017-02-22 23:29:48.504544	2017-02-22 23:29:48.504544	1
12	Iceland	2017-02-22 23:29:55.32885	2017-02-22 23:29:55.32885	1
13	Ireland	2017-02-22 23:30:00.657083	2017-02-22 23:30:00.657083	1
14	Luxembourg	2017-02-22 23:30:10.719525	2017-02-22 23:30:10.719525	1
15	Norway	2017-02-22 23:30:19.017497	2017-02-22 23:30:19.017497	1
16	Slovenia	2017-02-22 23:30:26.649942	2017-02-22 23:30:26.649942	1
17	Morocco	2017-02-22 23:30:53.865202	2017-02-22 23:30:53.865202	5
18	Tunisia	2017-02-22 23:31:00.41763	2017-02-22 23:31:00.41763	5
19	Mexico	2017-02-22 23:31:16.97015	2017-02-22 23:31:16.97015	2
20	Cuba	2017-02-22 23:31:23.130669	2017-02-22 23:31:23.130669	2
\.


--
-- Name: countries_id_seq; Type: SEQUENCE SET; Schema: public; Owner: amzkintner
--

SELECT pg_catalog.setval('countries_id_seq', 20, true);


--
-- Data for Name: courses; Type: TABLE DATA; Schema: public; Owner: amzkintner
--

COPY courses (id, name, language, created_at, updated_at, university_id) FROM stdin;
\.


--
-- Name: courses_id_seq; Type: SEQUENCE SET; Schema: public; Owner: amzkintner
--

SELECT pg_catalog.setval('courses_id_seq', 1, false);


--
-- Data for Name: regions; Type: TABLE DATA; Schema: public; Owner: amzkintner
--

COPY regions (id, region, created_at, updated_at) FROM stdin;
1	Europe	2017-02-22 23:24:53.653476	2017-02-22 23:24:53.653476
2	North America	2017-02-22 23:25:01.668181	2017-02-22 23:25:01.668181
3	South America	2017-02-22 23:25:12.708604	2017-02-22 23:25:12.708604
4	Central America	2017-02-22 23:25:22.004809	2017-02-22 23:25:22.004809
5	Africa	2017-02-22 23:25:28.236889	2017-02-22 23:25:28.236889
6	Asia	2017-02-22 23:25:38.160432	2017-02-22 23:25:38.160432
\.


--
-- Name: regions_id_seq; Type: SEQUENCE SET; Schema: public; Owner: amzkintner
--

SELECT pg_catalog.setval('regions_id_seq', 6, true);


--
-- Data for Name: schema_migrations; Type: TABLE DATA; Schema: public; Owner: amzkintner
--

COPY schema_migrations (version) FROM stdin;
20170220210045
20170220210056
20170220210116
20170221221804
20170222021603
20170222021621
20170222022602
20170222022925
20170222023010
20170222184301
20170222184755
20170222184931
\.


--
-- Data for Name: universities; Type: TABLE DATA; Schema: public; Owner: amzkintner
--

COPY universities (id, name, created_at, updated_at, country_id, application_fee, tuition_fee, visa) FROM stdin;
1	University of Buenos Aires	2017-02-22 23:33:09.651829	2017-02-22 23:33:09.651829	2	0	100	t
2	University of Salzburg	2017-02-22 23:33:33.23157	2017-02-22 23:33:33.23157	1	70	100	t
3	University of Munich	2017-02-22 23:34:02.243928	2017-02-22 23:34:02.243928	11	70	1050	t
4	University of Bonn	2017-02-22 23:34:21.803731	2017-02-22 23:34:21.803731	11	0	1050	t
5	University of Tunisia	2017-02-22 23:34:49.798767	2017-02-22 23:34:49.798767	18	0	0	t
\.


--
-- Name: universities_id_seq; Type: SEQUENCE SET; Schema: public; Owner: amzkintner
--

SELECT pg_catalog.setval('universities_id_seq', 5, true);


--
-- Name: ar_internal_metadata ar_internal_metadata_pkey; Type: CONSTRAINT; Schema: public; Owner: amzkintner
--

ALTER TABLE ONLY ar_internal_metadata
    ADD CONSTRAINT ar_internal_metadata_pkey PRIMARY KEY (key);


--
-- Name: countries countries_pkey; Type: CONSTRAINT; Schema: public; Owner: amzkintner
--

ALTER TABLE ONLY countries
    ADD CONSTRAINT countries_pkey PRIMARY KEY (id);


--
-- Name: courses courses_pkey; Type: CONSTRAINT; Schema: public; Owner: amzkintner
--

ALTER TABLE ONLY courses
    ADD CONSTRAINT courses_pkey PRIMARY KEY (id);


--
-- Name: regions regions_pkey; Type: CONSTRAINT; Schema: public; Owner: amzkintner
--

ALTER TABLE ONLY regions
    ADD CONSTRAINT regions_pkey PRIMARY KEY (id);


--
-- Name: schema_migrations schema_migrations_pkey; Type: CONSTRAINT; Schema: public; Owner: amzkintner
--

ALTER TABLE ONLY schema_migrations
    ADD CONSTRAINT schema_migrations_pkey PRIMARY KEY (version);


--
-- Name: universities universities_pkey; Type: CONSTRAINT; Schema: public; Owner: amzkintner
--

ALTER TABLE ONLY universities
    ADD CONSTRAINT universities_pkey PRIMARY KEY (id);


--
-- Name: index_countries_on_region_id; Type: INDEX; Schema: public; Owner: amzkintner
--

CREATE INDEX index_countries_on_region_id ON countries USING btree (region_id);


--
-- Name: index_courses_on_university_id; Type: INDEX; Schema: public; Owner: amzkintner
--

CREATE INDEX index_courses_on_university_id ON courses USING btree (university_id);


--
-- Name: index_universities_on_country_id; Type: INDEX; Schema: public; Owner: amzkintner
--

CREATE INDEX index_universities_on_country_id ON universities USING btree (country_id);


--
-- Name: courses fk_rails_53c77a1710; Type: FK CONSTRAINT; Schema: public; Owner: amzkintner
--

ALTER TABLE ONLY courses
    ADD CONSTRAINT fk_rails_53c77a1710 FOREIGN KEY (university_id) REFERENCES universities(id);


--
-- Name: countries fk_rails_b980326c34; Type: FK CONSTRAINT; Schema: public; Owner: amzkintner
--

ALTER TABLE ONLY countries
    ADD CONSTRAINT fk_rails_b980326c34 FOREIGN KEY (region_id) REFERENCES regions(id);


--
-- Name: universities fk_rails_efb7b974a9; Type: FK CONSTRAINT; Schema: public; Owner: amzkintner
--

ALTER TABLE ONLY universities
    ADD CONSTRAINT fk_rails_efb7b974a9 FOREIGN KEY (country_id) REFERENCES countries(id);


--
-- PostgreSQL database dump complete
--

